SELECT * FROM pig_farm.employee;

INSERT INTO `pig_farm`.`employee` (`id`, `birth_day`, `code`, `gender`, `id_card`, `image`, `is_deleted`, `name`, `user_id`) VALUES (1, '2019-09-09', 'NV-123', 'Nam', '123456789', 'abc', 0, 'Nguyễn Văn Hùng', 1);
INSERT INTO `pig_farm`.`employee` (`id`, `birth_day`, `code`, `gender`, `id_card`, `image`, `is_deleted`, `name`, `user_id`) VALUES (2, '1996-08-09', 'NV-124', 'Nữ', '123456789', 'abc', 0, 'Trần Thị Bưởi', 2);
INSERT INTO `pig_farm`.`employee` (`id`, `birth_day`, `code`, `gender`, `id_card`, `image`, `is_deleted`, `name`, `user_id`) VALUES (3, '1995-07-09', 'NV-125', 'Nam', '123456789', 'abc', 0, 'Nguyễn Thái Công', 3);
INSERT INTO `pig_farm`.`employee` (`id`, `birth_day`, `code`, `gender`, `id_card`, `image`, `is_deleted`, `name`, `user_id`) VALUES (4, '1993-06-09', 'NV-126', 'Nam', '123456789', 'abc', 0, 'Nguyễn Văn Chung', 4);
INSERT INTO `pig_farm`.`employee` (`id`, `birth_day`, `code`, `gender`, `id_card`, `image`, `is_deleted`, `name`, `user_id`) VALUES (5, '1895-05-09', 'NV-127', 'Nữ', '123456789', 'abc', 0, 'Trần Thị Đức', 5);
INSERT INTO `pig_farm`.`employee` (`id`, `birth_day`, `code`, `gender`, `id_card`, `image`, `is_deleted`, `name`, `user_id`) VALUES (6, '1889-03-09', 'NV-128', 'Nữ', '123456789', 'abc', 0, 'Trần Thị Dần', 6);
INSERT INTO `pig_farm`.`employee` (`id`, `birth_day`, `code`, `gender`, `id_card`, `image`, `is_deleted`, `name`, `user_id`) VALUES (7, '1993-01-09', 'NV-129', 'Nữ', '123456789', 'abc', 0, 'THái Thị Long', 7);
INSERT INTO `pig_farm`.`employee` (`id`, `birth_day`, `code`, `gender`, `id_card`, `image`, `is_deleted`, `name`, `user_id`) VALUES (8, '1998-06-09', 'NV-130', 'Nữ', '123456789', 'abc', 0, 'Tạ Thị Nặng', 8);
INSERT INTO `pig_farm`.`employee` (`id`, `birth_day`, `code`, `gender`, `id_card`, `image`, `is_deleted`, `name`, `user_id`) VALUES (9, '1998-06-09', 'NV-130', 'Nữ', '123456789', 'abc', 0, 'Tạ Thị Nặng', 9);
INSERT INTO `pig_farm`.`employee` (`id`, `birth_day`, `code`, `gender`, `id_card`, `image`, `is_deleted`, `name`, `user_id`) VALUES (10, '1998-06-09', 'NV-130', 'Nữ', '123456789', 'abc', 0, 'Nguyen Van A', 10);
INSERT INTO `pig_farm`.`employee` (`id`, `birth_day`, `code`, `gender`, `id_card`, `image`, `is_deleted`, `name`, `user_id`) VALUES (11, '1998-06-09', 'NV-130', 'Nữ', '123456789', 'abc', 0, 'Nguyen Van B', 11);
INSERT INTO `pig_farm`.`employee` (`id`, `birth_day`, `code`, `gender`, `id_card`, `image`, `is_deleted`, `name`, `user_id`) VALUES (12, '1998-06-09', 'NV-130', 'Nữ', '123456789', 'abc', 0, 'Nguyen Van C', 12);
INSERT INTO `pig_farm`.`employee` (`id`, `birth_day`, `code`, `gender`, `id_card`, `image`, `is_deleted`, `name`, `user_id`) VALUES (13, '1998-06-09', 'NV-130', 'Nữ', '123456789', 'abc', 0, 'Nguyen Van D', 13);
INSERT INTO `pig_farm`.`employee` (`id`, `birth_day`, `code`, `gender`, `id_card`, `image`, `is_deleted`, `name`, `user_id`) VALUES (14, '1998-06-09', 'NV-130', 'Nữ', '123456789', 'abc', 0, 'Nguyen Van E', 14);
INSERT INTO `pig_farm`.`employee` (`id`, `birth_day`, `code`, `gender`, `id_card`, `image`, `is_deleted`, `name`, `user_id`) VALUES (15, '1998-06-09', 'NV-130', 'Nữ', '123456789', 'abc', 0, 'Nguyen Van E', 15);
INSERT INTO `pig_farm`.`employee` (`id`, `birth_day`, `code`, `gender`, `id_card`, `image`, `is_deleted`, `name`, `user_id`) VALUES (16, '1998-06-09', 'NV-130', 'Nữ', '123456789', 'abc', 0, 'Nguyen Van E', 16);
INSERT INTO `pig_farm`.`employee` (`id`, `birth_day`, `code`, `gender`, `id_card`, `image`, `is_deleted`, `name`, `user_id`) VALUES (17, '1998-06-09', 'NV-130', 'Nữ', '123456789', 'abc', 0, 'Nguyen Van E', 17);

INSERT INTO `pig_farm`.`user_role` (`id`, `is_deleted`, `role_id`, `user_id`) VALUES (1, 0, 1, 1);
INSERT INTO `pig_farm`.`user_role` (`id`, `is_deleted`, `role_id`, `user_id`) VALUES (2, 0, 2, 2);
INSERT INTO `pig_farm`.`user_role` (`id`, `is_deleted`, `role_id`, `user_id`) VALUES (3, 0, 1, 3);
INSERT INTO `pig_farm`.`user_role` (`id`, `is_deleted`, `role_id`, `user_id`) VALUES (4, 0, 2, 4);
INSERT INTO `pig_farm`.`user_role` (`id`, `is_deleted`, `role_id`, `user_id`) VALUES (5, 0, 1, 5);
INSERT INTO `pig_farm`.`user_role` (`id`, `is_deleted`, `role_id`, `user_id`) VALUES (6, 0, 2, 6);
INSERT INTO `pig_farm`.`user_role` (`id`, `is_deleted`, `role_id`, `user_id`) VALUES (7, 0, 1, 7);
INSERT INTO `pig_farm`.`user_role` (`id`, `is_deleted`, `role_id`, `user_id`) VALUES (8, 0, 2, 8);
INSERT INTO `pig_farm`.`user_role` (`id`, `is_deleted`, `role_id`, `user_id`) VALUES (9, 0, 1, 9);

INSERT INTO `pig_farm`.`user` (`id`, `creation_date`, `email`, `is_deleted`, `password`, `username`) VALUES (1, '2019-12-12', 'abc1@gmail.com', 0, '123456', 'abc1');
INSERT INTO `pig_farm`.`user` (`id`, `creation_date`, `email`, `is_deleted`, `password`, `username`) VALUES (2, '2019-12-12', 'abc2@gmail.com', 0, '123456', 'abc2');
INSERT INTO `pig_farm`.`user` (`id`, `creation_date`, `email`, `is_deleted`, `password`, `username`) VALUES (3, '2019-12-12', 'abc3@gmail.com', 0, '123456', 'abc3');
INSERT INTO `pig_farm`.`user` (`id`, `creation_date`, `email`, `is_deleted`, `password`, `username`) VALUES (4, '2019-12-12', 'abc4@gmail.com',0, '123456', 'abc4');
INSERT INTO `pig_farm`.`user` (`id`, `creation_date`, `email`, `is_deleted`, `password`, `username`) VALUES (5, '2019-12-12', 'abc5@gmail.com', 0, '123456', 'abc5');
INSERT INTO `pig_farm`.`user` (`id`, `creation_date`, `email`, `is_deleted`, `password`, `username`) VALUES (6, '2019-12-12', 'abc6@gmail.com', 0, '123456', 'abc6');
INSERT INTO `pig_farm`.`user` (`id`, `creation_date`, `email`, `is_deleted`, `password`, `username`) VALUES (7, '2019-12-12', 'abc7@gmail.com', 0, '123456', 'abc7');
INSERT INTO `pig_farm`.`user` (`id`, `creation_date`, `email`, `is_deleted`, `password`, `username`) VALUES (8, '2019-12-12', 'abc8@gmail.com', 0, '123456', 'abc8');
INSERT INTO `pig_farm`.`user` (`id`, `creation_date`, `email`, `is_deleted`, `password`, `username`) VALUES (9, '2019-12-12', 'abc8@gmail.com', 0, '123456', 'abc8');
INSERT INTO `pig_farm`.`user` (`id`, `creation_date`, `email`, `is_deleted`, `password`, `username`) VALUES (10, '2019-12-12', 'abc8@gmail.com', 0, '123456', 'abc8');
INSERT INTO `pig_farm`.`user` (`id`, `creation_date`, `email`, `is_deleted`, `password`, `username`) VALUES (11, '2019-12-12', 'abc8@gmail.com', 0, '123456', 'abc8');
INSERT INTO `pig_farm`.`user` (`id`, `creation_date`, `email`, `is_deleted`, `password`, `username`) VALUES (12, '2019-12-12', 'abc8@gmail.com', 0, '123456', 'abc8');
INSERT INTO `pig_farm`.`user` (`id`, `creation_date`, `email`, `is_deleted`, `password`, `username`) VALUES (13, '2019-12-12', 'abc8@gmail.com', 0, '123456', 'abc8');
INSERT INTO `pig_farm`.`user` (`id`, `creation_date`, `email`, `is_deleted`, `password`, `username`) VALUES (14, '2019-12-12', 'abc8@gmail.com', 0, '123456', 'abc8');
INSERT INTO `pig_farm`.`user` (`id`, `creation_date`, `email`, `is_deleted`, `password`, `username`) VALUES (15, '2019-12-12', 'abc8@gmail.com', 0, '123456', 'abc8');
INSERT INTO `pig_farm`.`user` (`id`, `creation_date`, `email`, `is_deleted`, `password`, `username`) VALUES (16, '2019-12-12', 'abc8@gmail.com', 0, '123456', 'abc8');
INSERT INTO `pig_farm`.`user` (`id`, `creation_date`, `email`, `is_deleted`, `password`, `username`) VALUES (17, '2019-12-12', 'abc8@gmail.com', 0, '123456', 'abc8');

UPDATE `pig_farm`.`employee` SET `is_deleted` = 0 WHERE (`id` = '1');
UPDATE `pig_farm`.`employee` SET `is_deleted` = 0 WHERE (`id` = '2');
UPDATE `pig_farm`.`employee` SET `is_deleted` = 0 WHERE (`id` = '3');
UPDATE `pig_farm`.`employee` SET `is_deleted` = 0 WHERE (`id` = '4');
UPDATE `pig_farm`.`employee` SET `is_deleted` = 0 WHERE (`id` = '5');
UPDATE `pig_farm`.`employee` SET `is_deleted` = 0 WHERE (`id` = '6');
UPDATE `pig_farm`.`employee` SET `is_deleted` = 0 WHERE (`id` = '7');
UPDATE `pig_farm`.`employee` SET `is_deleted` = 0 WHERE (`id` = '8');

INSERT INTO `pig_farm`.`role` (`id`, `is_deleted`, `role_name`) VALUES (1, 0, 'Admin');
INSERT INTO `pig_farm`.`role` (`id`, `is_deleted`, `role_name`) VALUES (2, 0, 'User');


select employee.*, `role`.role_name,ur.* from employee 
left join `user` ur on employee.user_id = ur.id 
left join user_role urr on urr.user_id = ur.id
left join `role` on `role`.id = urr.role_id 
where employee.is_deleted = 0 and  employee.name like  concat('%','','%') and employee.id_card like concat('%','','%') order by employee.id desc;

update employee set is_deleted = 1 where id = 4;


 

